"","Lat","Long"
"1",45.9987640380859,4.02415132522583
"2",45.9987640380859,3.9061164855957
"3",45.9987640380859,4.06526565551758
"4",45.9987640380859,4.11835145950317
"5",45.9987640380859,4.02912998199463
"6",45.9987640380859,4.13815498352051
"7",45.9987640380859,3.91871738433838
"8",45.9987640380859,4.07989978790283
"9",45.9987640380859,3.9369649887085
"10",45.9987640380859,4.06030035018921
"11",45.9987640380859,3.8985161781311
"12",45.9987640380859,4.00626659393311
"13",45.9987640380859,3.94887256622314
"14",45.9987640380859,4.08381128311157
"15",45.9987640380859,4.01592826843262
"16",45.9987640380859,3.95718574523926
"17",45.9987640380859,3.93277502059937
"18",45.9987640380859,3.80261087417603
"19",45.9987640380859,4.05140829086304
"20",45.9987640380859,4.22122240066528
"21",45.9987640380859,4.04954862594604
"22",45.9987640380859,4.16530752182007
"23",45.9987640380859,3.8274040222168
"24",45.9987640380859,3.87825679779053
"25",45.9987640380859,4.03817987442017
"26",45.9987640380859,3.8971529006958
"27",45.9987640380859,4.17862319946289
"28",45.9987640380859,4.06936264038086
"29",45.9987640380859,3.92500400543213
"30",45.9987640380859,3.85895395278931
"31",45.9987640380859,3.99494314193726
"32",45.9987640380859,4.09582042694092
"33",45.9987640380859,3.95205974578857
"34",45.9987640380859,4.08289098739624
"35",45.9987640380859,3.83331203460693
"36",45.9987640380859,4.18555164337158
"37",45.9987640380859,3.89437294006348
"38",45.9987640380859,3.87817335128784
"39",45.9987640380859,4.04713773727417
"40",45.9987640380859,3.95749616622925
"41",45.9987640380859,3.84996604919434
"42",45.9987640380859,3.77621698379517
"43",45.9987640380859,3.94946908950806
"44",45.9987640380859,4.04477119445801
"45",45.9987640380859,3.86695289611816
"46",45.9987640380859,4.00637578964233
"47",45.9987640380859,3.97415637969971
"48",45.9987640380859,3.96681594848633
"49",45.9987640380859,3.84956312179565
"50",45.9987640380859,4.04366254806519
"51",45.9987640380859,3.9516749382019
"52",45.9987640380859,4.15788698196411
"53",45.9987640380859,3.93342971801758
"54",45.9987640380859,3.92468929290771
"55",45.9987640380859,4.0890588760376
"56",45.9987640380859,3.90469217300415
"57",45.9987640380859,3.93351697921753
"58",45.9987640380859,4.00768280029297
"59",45.9987640380859,4.21708679199219
"60",45.9987640380859,3.93261289596558
"61",45.9987640380859,3.91592788696289
"62",45.9987640380859,3.84138536453247
"63",45.9987640380859,3.95734643936157
"64",45.9987640380859,4.11290121078491
"65",45.9987640380859,4.06150484085083
"66",45.9987640380859,4.01482677459717
"67",45.9987640380859,4.10921001434326
"68",45.9987640380859,3.95319223403931
"69",45.9987640380859,3.97910404205322
"70",45.9987640380859,4.1267237663269
"71",45.9987640380859,3.78892421722412
"72",45.9987640380859,4.00438404083252
"73",45.9987640380859,4.23136854171753
"74",45.9987640380859,3.79588651657104
"75",45.9987640380859,3.97972917556763
"76",45.9987640380859,4.12774324417114
"77",45.9987640380859,3.83739995956421
"78",45.9987640380859,3.88373708724976
"79",45.9987640380859,4.21936464309692
"80",45.9987640380859,4.07601594924927
"81",45.9987640380859,3.94849729537964
"82",45.9987640380859,4.06435012817383
"83",45.9987640380859,4.12566661834717
"84",45.9987640380859,3.98807764053345
"85",45.9987640380859,3.74016714096069
"86",45.9987640380859,3.95313835144043
"87",45.9987640380859,4.09737157821655
"88",45.9987640380859,3.87157344818115
"89",45.9987640380859,4.10588359832764
"90",45.9987640380859,3.93457317352295
"91",45.9987640380859,3.75109195709229
"92",45.9987640380859,4.10442209243774
"93",45.9987640380859,4.161048412323
"94",45.9987640380859,4.15546894073486
"95",45.9987640380859,4.04000186920166
"96",45.9987640380859,4.00023508071899
"97",45.9987640380859,4.07188558578491
"98",45.9987640380859,4.04763603210449
"99",45.9987640380859,3.95706224441528
"100",45.9987640380859,3.88024187088013
"101",45.9987640380859,3.73927211761475
"102",45.9987640380859,4.08208513259888
"103",45.9987640380859,3.84862899780273
"104",45.9987640380859,4.09681177139282
"105",45.9987640380859,3.90838193893433
"106",45.9987640380859,3.91384696960449
"107",45.9987640380859,3.62965631484985
"108",45.9987640380859,3.68830156326294
"109",45.9987640380859,3.73333740234375
"110",45.9987640380859,3.75667715072632
"111",45.9987640380859,3.88598728179932
"112",45.9987640380859,3.604407787323
"113",45.9987640380859,3.50437450408936
"114",45.9987640380859,3.99185752868652
"115",45.9987640380859,3.5346736907959
"116",45.9987640380859,3.39227867126465
"117",45.9987640380859,3.48785591125488
"118",45.9987640380859,3.73706865310669
"119",45.9987640380859,3.92740297317505
"120",45.9987640380859,3.92049360275269
"121",45.9987640380859,3.73607110977173
"122",45.9987640380859,3.71121215820312
"123",45.9987640380859,3.78133916854858
"124",45.9987640380859,3.77370071411133
"125",45.9987640380859,3.71916437149048
"126",45.9987640380859,3.82642221450806
"127",45.9987640380859,3.72471523284912
"128",45.9987640380859,3.65469217300415
"129",45.9987640380859,3.75862121582031
"130",45.9987640380859,3.62860345840454
"131",45.9987640380859,3.81014919281006
"132",45.9987640380859,3.66067552566528
"133",45.9987640380859,3.47471332550049
"134",45.9987640380859,3.91273021697998
"135",45.9987640380859,3.6072039604187
"136",45.9987640380859,3.70028686523438
"137",45.9987640380859,3.95751857757568
"138",45.9987640380859,3.84019613265991
"139",45.9987640380859,4.00131511688232
"140",45.9987640380859,3.90869235992432
"141",45.9987640380859,3.44349431991577
"142",45.9987640380859,4.04454135894775
"143",45.9987640380859,3.62132024765015
"144",45.9987640380859,3.72578716278076
"145",45.9987640380859,3.75732660293579
"146",45.9987640380859,4.06371879577637
"147",45.9987640380859,3.90319871902466
"148",45.9987640380859,3.87231540679932
"149",45.9987640380859,3.77108335494995
"150",45.9987640380859,3.98647689819336
"151",45.9987640380859,3.6120343208313
"152",45.9987640380859,3.85099601745605
"153",45.9987640380859,3.9288763999939
"154",45.9987640380859,3.59589242935181
"155",45.9987640380859,3.68519163131714
"156",45.9987640380859,3.83087921142578
"157",45.9987640380859,3.73610067367554
"158",45.9987640380859,3.77047252655029
"159",45.9987640380859,3.49940538406372
"160",45.9987640380859,3.85763597488403
"161",45.9987640380859,3.80210638046265
"162",45.9987640380859,3.52870988845825
"163",45.9987640380859,3.79444885253906
"164",45.9987640380859,3.80641508102417
"165",45.9987640380859,3.61293506622314
"166",45.9987640380859,3.87902975082397
"167",45.9987640380859,4.07295370101929
"168",45.9987640380859,3.95648193359375
"169",45.9987640380859,3.75843811035156
"170",45.9987640380859,3.76736164093018
"171",45.9987640380859,3.90706253051758
"172",45.9987640380859,3.87120676040649
"173",45.9987640380859,3.79831886291504
"174",45.9987640380859,3.43431997299194
"175",45.9987640380859,3.73256301879883
"176",45.9987640380859,3.91087484359741
"177",45.9987640380859,3.66033792495728
"178",45.9987640380859,3.48358345031738
"179",45.9987640380859,3.69049692153931
"180",45.9987640380859,3.63386535644531
"181",45.9987640380859,3.80813455581665
"182",45.9987640380859,3.76219844818115
"183",45.9987640380859,3.59771680831909
"184",45.9987640380859,4.10342979431152
"185",45.9987640380859,3.76395559310913
"186",45.9987640380859,3.94003868103027
"187",45.9987640380859,3.88579368591309
"188",45.9987640380859,3.78116178512573
"189",45.9987640380859,4.08236312866211
"190",45.9987640380859,3.50263929367065
"191",45.9987640380859,3.80448627471924
"192",45.9987640380859,4.01114082336426
"193",45.9987640380859,3.83026504516602
"194",45.9987640380859,3.64733648300171
"195",45.9987640380859,3.82552671432495
"196",45.9987640380859,3.80577754974365
"197",45.9987640380859,4.12876129150391
"198",45.9987640380859,4.0699782371521
"199",45.9987640380859,3.76145315170288
"200",45.9987640380859,3.4076452255249
"201",45.9987640380859,4.05801010131836
"202",45.9987640380859,4.01306104660034
"203",45.9987640380859,3.88252258300781
"204",45.9987640380859,3.85088729858398
"205",45.9987640380859,3.97639894485474
"206",45.9987640380859,3.87185287475586
"207",45.9987640380859,3.98262929916382
"208",45.9987640380859,3.90892171859741
"209",45.9987640380859,4.02603435516357
"210",45.9987640380859,3.99474287033081
"211",45.9987640380859,4.00199937820435
"212",45.9987640380859,3.86210680007935
"213",45.9987640380859,3.88223171234131
"214",45.9987640380859,3.64797687530518
"215",45.9987640380859,3.69702243804932
"216",45.9987640380859,3.63828611373901
"217",45.9987640380859,3.88512563705444
"218",45.9987640380859,4.08755207061768
"219",45.9987640380859,3.9123682975769
"220",45.9987640380859,3.77273225784302
"221",45.9987640380859,4.02821445465088
"222",45.9987640380859,4.20271873474121
"223",45.9987640380859,3.64738988876343
"224",45.9987640380859,3.5518536567688
"225",45.9987640380859,4.21216440200806
"226",45.9987640380859,3.96495008468628
"227",45.9987640380859,3.9624080657959
"228",45.9987640380859,3.98691511154175
"229",45.9987640380859,3.77495956420898
"230",45.9987640380859,3.87692975997925
"231",45.9987640380859,3.74731874465942
"232",45.9987640380859,4.17293930053711
"233",45.9987640380859,4.11514949798584
"234",45.9987640380859,4.142005443573
"235",45.9987640380859,3.94996118545532
"236",45.9987640380859,4.09588670730591
"237",45.9987640380859,3.70439863204956
"238",45.9987640380859,4.0098934173584
"239",45.9987640380859,4.07383394241333
"240",45.9987640380859,4.04598188400269
"241",45.9987640380859,4.07484102249146
"242",45.9987640380859,3.89221286773682
"243",45.9987640380859,4.31251811981201
"244",45.9987640380859,3.85373973846436
"245",45.9987640380859,3.83479595184326
"246",45.9987640380859,3.98614454269409
"247",45.9987640380859,3.94684839248657
"248",45.9987640380859,3.62509965896606
"249",45.9987640380859,3.64566087722778
"250",45.9987640380859,4.16556406021118
"251",45.9987640380859,3.58038520812988
"252",45.9987640380859,3.71901702880859
"253",45.9987640380859,3.59963226318359
"254",45.9987640380859,3.92652702331543
"255",45.9987640380859,3.72186374664307
"256",45.9987640380859,3.89696836471558
"257",45.9987640380859,4.23090791702271
"258",45.9987640380859,3.67997932434082
"259",45.9987640380859,4.03197717666626
"260",45.9987640380859,3.89566946029663
"261",45.9987640380859,4.02947998046875
"262",45.9987640380859,3.82550239562988
"263",45.9987640380859,3.9090576171875
"264",45.9987640380859,3.90751838684082
"265",45.9987640380859,4.07169246673584
"266",45.9987640380859,4.07811880111694
"267",45.9987640380859,4.20850133895874
"268",45.9987640380859,3.91144037246704
"269",45.9987640380859,3.78700494766235
"270",45.9987640380859,3.85837984085083
"271",45.9987640380859,4.00135040283203
"272",45.9987640380859,4.06639909744263
"273",45.9987640380859,3.58243989944458
"274",45.9987640380859,3.84639072418213
"275",45.9987640380859,3.8481068611145
"276",45.9987640380859,3.96469640731812
"277",45.9987640380859,4.01335859298706
"278",45.9987640380859,4.08365201950073
"279",45.9987640380859,3.74636602401733
"280",45.9987640380859,3.99181365966797
"281",45.9987640380859,3.93950366973877
"282",45.9987640380859,4.09302043914795
"283",45.9987640380859,3.91620302200317
"284",45.9987640380859,3.98302459716797
"285",45.9987640380859,3.91252517700195
"286",45.9987640380859,3.89555644989014
"287",45.9987640380859,4.14119815826416
"288",45.9987640380859,4.06344032287598
"289",45.9987640380859,3.84265947341919
"290",45.9987640380859,3.86180543899536
"291",45.9987640380859,4.11192178726196
"292",45.9987640380859,4.10179138183594
"293",45.9987640380859,3.7999153137207
"294",45.9987640380859,4.10007095336914
"295",45.9987640380859,3.60847330093384
"296",45.9987640380859,4.09794330596924
"297",45.9987640380859,4.00934886932373
"298",45.9987640380859,3.91798400878906
"299",45.9987640380859,3.94584131240845
"300",45.9987640380859,4.0924277305603
"301",45.9987640380859,3.73567533493042
"302",45.9987640380859,3.89065504074097
"303",45.9987640380859,3.58937835693359
"304",45.9987640380859,3.76631259918213
"305",45.9987640380859,3.81038236618042
"306",45.9987640380859,3.54044628143311
"307",45.9987640380859,3.9185733795166
"308",45.9987640380859,4.21932411193848
"309",45.9987640380859,4.05538463592529
"310",45.9987640380859,3.94901275634766
"311",45.9987640380859,3.62884378433228
"312",45.9987640380859,3.86292600631714
"313",45.9987640380859,4.0943431854248
"314",45.9987640380859,3.77142953872681
"315",45.9987640380859,3.75024795532227
"316",45.9987640380859,4.16900682449341
"317",45.9987640380859,3.76945972442627
"318",45.9987640380859,3.97176122665405
"319",45.9987640380859,4.03607368469238
"320",45.9987640380859,3.79222440719604
"321",45.9987640380859,3.75436878204346
"322",45.9987640380859,3.8165283203125
"323",45.9987640380859,3.82103443145752
"324",45.9987640380859,3.90321397781372
"325",45.9987640380859,4.21990728378296
"326",45.9987640380859,4.0495810508728
"327",45.9987640380859,3.9174165725708
"328",45.9987640380859,3.69040012359619
"329",45.9987640380859,4.17560911178589
"330",45.9987640380859,4.05170488357544
"331",45.9987640380859,4.07090711593628
"332",45.9987640380859,4.06413078308105
"333",45.9987640380859,4.12661552429199
"334",45.9987640380859,4.24420309066772
"335",45.9987640380859,3.74968099594116
"336",45.9987640380859,3.93913984298706
"337",45.9987640380859,4.03839159011841
"338",45.9987640380859,4.08235836029053
"339",45.9987640380859,3.94717979431152
"340",45.9987640380859,3.60848665237427
"341",45.9987640380859,3.96873331069946
"342",45.9987640380859,3.80458116531372
"343",45.9987640380859,3.5802116394043
"344",45.9987640380859,3.6769962310791
"345",45.9987640380859,3.78415250778198
"346",45.9987640380859,3.91568326950073
"347",45.9987640380859,3.60114765167236
"348",45.9987640380859,3.86400985717773
"349",45.9987640380859,3.84709596633911
"350",45.9987640380859,3.76984071731567
"351",45.9987640380859,3.58795976638794
"352",45.9987640380859,3.96101665496826
"353",45.9987640380859,3.68663120269775
"354",45.9987640380859,3.87959051132202
"355",45.9987640380859,4.11483573913574
"356",45.9987640380859,3.85949563980103
"357",45.9987640380859,3.89223957061768
"358",45.9987640380859,3.76584768295288
"359",45.9987640380859,3.61725568771362
"360",45.9987640380859,3.98765468597412
"361",45.9987640380859,3.96178579330444
"362",45.9987640380859,3.84124755859375
"363",45.9987640380859,3.94997406005859
"364",45.9987640380859,3.80214738845825
"365",45.9987640380859,3.94675779342651
"366",45.9987640380859,3.61007928848267
"367",45.9987640380859,3.99642753601074
"368",45.9987640380859,3.80076837539673
"369",45.9987640380859,3.9733510017395
"370",45.9987640380859,3.7735424041748
"371",45.9987640380859,3.71525907516479
"372",45.9987640380859,3.98519945144653
"373",45.9987640380859,4.12411642074585
"374",45.9987640380859,4.01208209991455
"375",45.9987640380859,3.75947332382202
"376",45.9987640380859,3.5394287109375
"377",45.9987640380859,3.96398496627808
"378",45.9987640380859,3.9712700843811
"379",45.9987640380859,3.72157049179077
"380",45.9987640380859,3.75682258605957
"381",45.9987640380859,4.12686538696289
"382",45.9987640380859,3.8777117729187
"383",45.9987640380859,3.98562622070312
"384",45.9987640380859,3.97612953186035
"385",45.9987640380859,3.83962440490723
"386",45.9987640380859,4.02855205535889
"387",45.9987640380859,3.77734470367432
"388",45.9987640380859,3.67180395126343
"389",45.9987640380859,3.95048761367798
"390",45.9987640380859,3.90265941619873
"391",45.9987640380859,3.70297050476074
"392",45.9987640380859,3.83928728103638
"393",45.9987640380859,3.75915050506592
"394",45.9987640380859,3.99262571334839
"395",45.9987640380859,4.02246141433716
"396",45.9987640380859,3.93813705444336
"397",45.9987640380859,4.00360918045044
"398",45.9987640380859,4.05001020431519
"399",45.9987640380859,3.80573177337646
"400",45.9987640380859,4.08652400970459
"401",45.9987640380859,3.81991243362427
"402",45.9987640380859,4.00207757949829
"403",45.9987640380859,3.69725370407104
"404",45.9987640380859,3.98259687423706
"405",45.9987640380859,4.03586626052856
"406",45.9987640380859,3.80322647094727
"407",45.9987640380859,4.02725601196289
"408",45.9987640380859,3.74773836135864
"409",45.9987640380859,3.65435981750488
"410",45.9987640380859,3.75343561172485
"411",45.9987640380859,3.97607946395874
"412",45.9987640380859,3.91169166564941
"413",45.9987640380859,3.69529008865356
"414",45.9987640380859,3.89550495147705
"415",45.9987640380859,3.83925676345825
"416",45.9987640380859,3.69048118591309
"417",45.9987640380859,3.95072984695435
"418",45.9987640380859,4.00639486312866
"419",45.9987640380859,4.09434747695923
"420",45.9987640380859,3.92849922180176
"421",45.9987640380859,3.90166568756104
"422",45.9987640380859,3.56513643264771
"423",45.9987640380859,3.67930698394775
"424",45.9987640380859,3.9200267791748
"425",45.9987640380859,3.99451971054077
"426",45.9987640380859,3.85641050338745
"427",45.9987640380859,3.75433206558228
"428",45.9987640380859,3.76698875427246
"429",45.9987640380859,3.60240983963013
"430",45.9987640380859,3.63085460662842
"431",45.9987640380859,3.76546573638916
"432",45.9987640380859,3.65029764175415
"433",45.9987640380859,3.94137573242188
"434",45.9987640380859,3.8530740737915
"435",45.9987640380859,4.16913461685181
"436",45.9987640380859,4.07544994354248
"437",45.9987640380859,3.85438871383667
"438",45.9987640380859,3.98797082901001
"439",45.9987640380859,3.74790334701538
"440",45.9987640380859,3.81728363037109
"441",45.9987640380859,3.796546459198
"442",45.9987640380859,3.81534051895142
"443",45.9987640380859,3.65037155151367
"444",45.9987640380859,3.70131587982178
"445",45.9987640380859,3.87294721603394
"446",45.9987640380859,3.85736989974976
"447",45.9987640380859,3.78502607345581
"448",45.9987640380859,4.11718988418579
"449",45.9987640380859,3.90775489807129
"450",45.9987640380859,3.84410190582275
"451",45.9987640380859,4.05373048782349
"452",45.9987640380859,3.939133644104
"453",45.9987640380859,3.96106386184692
"454",45.9987640380859,3.872718334198
"455",45.9987640380859,3.99812698364258
"456",45.9987640380859,3.54668474197388
"457",45.9987640380859,3.67016792297363
"458",45.9987640380859,3.59689331054688
"459",45.9987640380859,3.87045955657959
"460",45.9987640380859,3.86003828048706
"461",45.9987640380859,3.70220899581909
"462",45.9987640380859,3.74222326278687
"463",45.9987640380859,3.81516885757446
"464",45.9987640380859,3.90269136428833
"465",45.9987640380859,3.81533241271973
"466",45.9987640380859,3.94727420806885
"467",45.9987640380859,3.80217885971069
"468",45.9987640380859,3.85039567947388
"469",45.9987640380859,3.69384670257568
"470",45.9987640380859,3.61666917800903
"471",45.9987640380859,3.95362377166748
"472",45.9987640380859,3.81659936904907
"473",45.9987640380859,3.66972494125366
"474",45.9987640380859,4.0443754196167
"475",45.9987640380859,3.70594453811646
"476",45.9987640380859,3.87868785858154
"477",45.9987640380859,3.8879075050354
"478",45.9987640380859,3.90676116943359
"479",45.9987640380859,4.28903102874756
"480",45.9987640380859,3.6972861289978
"481",45.9987640380859,3.90843820571899
"482",45.9987640380859,3.7831072807312
"483",45.9987640380859,3.9188084602356
"484",45.9987640380859,3.74794483184814
"485",45.9987640380859,3.92818927764893
"486",45.9987640380859,3.88089370727539
"487",45.9987640380859,3.86773109436035
"488",45.9987640380859,3.58928918838501
"489",45.9987640380859,3.78488397598267
"490",45.9987640380859,3.81336832046509
"491",45.9987640380859,4.17660427093506
"492",45.9987640380859,3.88051223754883
"493",45.9987640380859,3.81668043136597
"494",45.9987640380859,4.20749425888062
"495",45.9987640380859,3.97848653793335
"496",45.9987640380859,3.95933771133423
"497",45.9987640380859,3.80119228363037
"498",45.9987640380859,3.8958568572998
"499",45.9987640380859,3.81317901611328
"500",45.9987640380859,3.8792929649353
"501",45.9987640380859,3.57239818572998
"502",45.9987640380859,3.81172895431519
"503",45.9987640380859,3.84292936325073
"504",45.9987640380859,3.88467264175415
"505",45.9987640380859,4.05198669433594
"506",45.9987640380859,3.85093069076538
"507",45.9987640380859,3.89085388183594
"508",45.9987640380859,3.70855760574341
"509",45.9987640380859,3.64588212966919
"510",45.9987640380859,3.9701361656189
"511",45.9987640380859,33.3040237426758
"512",45.9987640380859,4.13769149780273
"513",45.9987640380859,3.89406967163086
"514",45.9987640380859,3.77615261077881
"515",45.9987640380859,3.88633251190186
"516",45.9987640380859,3.96266794204712
"517",45.9987640380859,3.88688087463379
"518",45.9987640380859,3.94941854476929
"519",45.9987640380859,3.83716106414795
"520",45.9987640380859,4.14302349090576
"521",45.9987640380859,4.01988315582275
"522",45.9987640380859,3.9355320930481
"523",45.9987640380859,3.9888072013855
"524",45.9987640380859,3.64366340637207
"525",45.9987640380859,3.97776222229004
"526",45.9987640380859,3.84672260284424
"527",45.9987640380859,3.74852085113525
"528",45.9987640380859,3.90387582778931
"529",45.9987640380859,3.84256649017334
"530",45.9987640380859,4.00407695770264
"531",45.9987640380859,3.75046396255493
"532",45.9987640380859,3.86023426055908
"533",45.9987640380859,3.7842264175415
"534",45.9987640380859,3.81723117828369
"535",45.9987640380859,4.06688594818115
"536",45.9987640380859,3.73169374465942
"537",45.9987640380859,4.03895807266235
"538",45.9987640380859,3.94757127761841
"539",45.9987640380859,3.78201150894165
"540",45.9987640380859,3.7259259223938
"541",45.9987640380859,3.85587072372437
"542",45.9987640380859,3.863356590271
"543",45.9987640380859,3.56083154678345
"544",45.9987640380859,3.8479266166687
"545",45.9987640380859,3.61505937576294
"546",45.9987640380859,3.5711727142334
"547",45.9987640380859,3.83071994781494
"548",45.9987640380859,3.85885572433472
"549",45.9987640380859,4.04281568527222
"550",45.9987640380859,3.95720434188843
"551",45.9987640380859,3.79774236679077
"552",45.9987640380859,4.1232213973999
"553",45.9987640380859,3.756507396698
"554",45.9987640380859,3.67968130111694
"555",45.9987640380859,3.83212375640869
"556",45.9987640380859,3.97338628768921
"557",45.9987640380859,3.87026929855347
"558",45.9987640380859,3.93651103973389
"559",45.9987640380859,3.61646795272827
"560",45.9987640380859,3.76465654373169
"561",45.9987640380859,3.94872379302979
"562",45.9987640380859,3.97675657272339
"563",45.9987640380859,3.89433002471924
"564",45.9987640380859,3.772376537323
"565",45.9987640380859,3.89220333099365
"566",45.9987640380859,3.98325443267822
"567",45.9987640380859,4.07569646835327
"568",45.9987640380859,3.83468389511108
"569",45.9987640380859,4.16758346557617
"570",45.9987640380859,3.97496032714844
"571",45.9987640380859,3.96050500869751
"572",45.9987640380859,3.9681978225708
"573",45.9987640380859,3.63403987884521
"574",45.9987640380859,3.73655414581299
"575",45.9987640380859,4.01281118392944
"576",45.9987640380859,3.97940874099731
"577",45.9987640380859,3.75400114059448
"578",45.9987640380859,3.79870557785034
"579",45.9987640380859,3.83179664611816
"580",45.9987640380859,4.1705150604248
"581",45.9987640380859,3.83840799331665
"582",45.9987640380859,3.58313131332397
"583",45.9987640380859,3.80338525772095
"584",45.9987640380859,3.94597578048706
"585",45.9987640380859,3.82609558105469
"586",45.9987640380859,3.87609672546387
"587",45.9987640380859,3.76165199279785
"588",45.9987640380859,3.7523136138916
"589",45.9987640380859,3.89558029174805
"590",45.9987640380859,3.91293430328369
"591",45.9987640380859,3.92348527908325
"592",45.9987640380859,3.84704685211182
"593",45.9987640380859,3.81540107727051
"594",45.9987640380859,3.90175151824951
"595",45.9987640380859,3.95257663726807
"596",45.9987640380859,4.05751514434814
"597",45.9987640380859,3.95061779022217
"598",45.9987640380859,3.89662265777588
"599",45.9987640380859,3.64604234695435
"600",45.9987640380859,4.04291486740112
"601",45.9987640380859,4.224449634552
"602",45.9987640380859,3.63500499725342
"603",45.9987640380859,3.85411024093628
"604",45.9987640380859,3.99931383132935
"605",45.9987640380859,3.92389392852783
"606",45.9987640380859,3.9099383354187
"607",45.9987640380859,4.05032825469971
"608",45.9987640380859,3.87362957000732
"609",45.9987640380859,4.05080366134644
"610",45.9987640380859,4.13977670669556
"611",45.9987640380859,3.84840965270996
"612",45.9987640380859,3.82975101470947
"613",45.9987640380859,3.88182258605957
"614",45.9987640380859,3.8675594329834
"615",45.9987640380859,4.12615966796875
"616",45.9987640380859,3.97694253921509
"617",45.9987640380859,3.83634519577026
"618",45.9987640380859,3.8854603767395
"619",45.9987640380859,3.5471396446228
"620",45.9987640380859,3.84641265869141
"621",45.9987640380859,3.9949107170105
"622",45.9987640380859,3.81082057952881
"623",45.9987640380859,3.80431795120239
"624",45.9987640380859,3.81214380264282
"625",45.9987640380859,3.95968103408813
"626",45.9987640380859,4.04202270507812
"627",45.9987640380859,3.98458433151245
"628",45.9987640380859,4.03697919845581
"629",45.9987640380859,3.58961248397827
"630",45.9987640380859,3.81858825683594
"631",45.9987640380859,4.02450180053711
"632",45.9987640380859,4.01757431030273
"633",45.9987640380859,3.75127267837524
"634",45.9987640380859,3.9400200843811
"635",45.9987640380859,3.6224308013916
"636",45.9987640380859,3.95179748535156
"637",45.9987640380859,4.07776498794556
"638",45.9987640380859,3.96264362335205
"639",45.9987640380859,3.91434240341187
"640",45.9987640380859,3.79063129425049
"641",45.9987640380859,3.97241735458374
"642",45.9987640380859,3.68044185638428
"643",45.9987640380859,3.90807771682739
"644",45.9987640380859,3.9326605796814
"645",45.9987640380859,3.81496715545654
"646",45.9987640380859,3.87966537475586
"647",45.9987640380859,4.04064750671387
"648",45.9987640380859,3.73347473144531
"649",45.9987640380859,3.84617948532104
"650",45.9987640380859,3.98138189315796
"651",45.9987640380859,3.91957902908325
"652",45.9987640380859,3.98039722442627
"653",45.9987640380859,3.6862359046936
"654",45.9987640380859,3.9772253036499
"655",45.9987640380859,3.90656185150146
"656",45.9987640380859,3.84459495544434
"657",45.9987640380859,3.69819307327271
"658",45.9987640380859,3.96030616760254
"659",45.9987640380859,4.05955839157104
"660",45.9987640380859,3.97242069244385
"661",45.9987640380859,3.96500253677368
"662",45.9987640380859,3.83490467071533
"663",45.9987640380859,3.76365566253662
"664",45.9987640380859,3.68853902816772
"665",45.9987640380859,3.97972965240479
"666",45.9987640380859,3.72847604751587
"667",45.9987640380859,4.09223413467407
"668",45.9987640380859,3.81733751296997
"669",45.9987640380859,3.6642951965332
"670",45.9987640380859,3.98624753952026
"671",45.9987640380859,3.62465333938599
"672",45.9987640380859,4.11686229705811
"673",45.9987640380859,3.75962257385254
"674",45.9987640380859,3.961350440979
"675",45.9987640380859,3.56946277618408
"676",45.9987640380859,3.68052530288696
"677",45.9987640380859,3.78997611999512
"678",45.9987640380859,3.85527753829956
"679",45.9987640380859,3.79189968109131
"680",45.9987640380859,3.96811199188232
"681",45.9987640380859,3.81241655349731
"682",45.9987640380859,3.99161434173584
"683",45.9987640380859,3.97140312194824
"684",45.9987640380859,3.93793773651123
"685",45.9987640380859,3.97630262374878
"686",45.9987640380859,3.999755859375
"687",45.9987640380859,3.95844984054565
"688",45.9987640380859,3.96448183059692
"689",45.9987640380859,3.78485059738159
"690",45.9987640380859,3.98429203033447
"691",45.9987640380859,4.21050882339478
"692",45.9987640380859,3.58771562576294
"693",45.9987640380859,3.84386205673218
"694",45.9987640380859,3.91981554031372
"695",45.9987640380859,3.80645322799683
"696",45.9987640380859,3.50668048858643
"697",45.9987640380859,3.92141342163086
"698",45.9987640380859,3.73444938659668
"699",45.9987640380859,3.86977910995483
"700",45.9987640380859,3.91137313842773
"701",45.9987640380859,3.7709813117981
"702",45.9987640380859,3.86656332015991
"703",45.9987640380859,3.78276300430298
"704",45.9987640380859,3.89275932312012
"705",45.9987640380859,3.89413642883301
"706",45.9987640380859,3.49744272232056
"707",45.9987640380859,3.92126607894897
"708",45.9987640380859,3.92480278015137
"709",45.9987640380859,3.90749216079712
"710",45.9987640380859,3.67688131332397
"711",45.9987640380859,4.00577783584595
"712",45.9987640380859,3.83726978302002
"713",45.9987640380859,161.351409912109
"714",45.9987640380859,4.07223653793335
"715",45.9987640380859,3.99657535552979
"716",45.9987640380859,3.96533679962158
"717",45.9987640380859,3.73031806945801
"718",45.9987640380859,3.91681671142578
"719",45.9987640380859,3.87660789489746
"720",45.9987640380859,3.78608226776123
"721",45.9987640380859,3.81105375289917
"722",45.9987640380859,3.51176118850708
"723",45.9987640380859,4.17131185531616
"724",45.9987640380859,3.68312549591064
"725",45.9987640380859,3.39874982833862
"726",45.9987640380859,4.11538171768188
"727",45.9987640380859,3.66243076324463
"728",45.9987640380859,3.98925971984863
"729",45.9987640380859,4.13361358642578
"730",45.9987640380859,3.72161722183228
"731",45.9987640380859,4.10140419006348
"732",45.9987640380859,4.03628730773926
"733",45.9987640380859,3.93233203887939
"734",45.9987640380859,3.93128156661987
"735",45.9987640380859,3.75610733032227
"736",45.9987640380859,3.8732705116272
"737",45.9987640380859,3.81037139892578
"738",45.9987640380859,4.0230655670166
"739",45.9987640380859,3.86575031280518
"740",45.9987640380859,3.45504283905029
"741",45.9987640380859,4.04576015472412
"742",45.9987640380859,3.66051864624023
"743",45.9987640380859,3.93431282043457
"744",45.9987640380859,3.88014459609985
"745",45.9987640380859,3.79302024841309
"746",45.9987640380859,3.9265079498291
"747",45.9987640380859,4.0967264175415
"748",45.9987640380859,4.04467582702637
"749",45.9987640380859,3.8770604133606
"750",45.9987640380859,3.82558441162109
"751",45.9987640380859,4.10832548141479
"752",45.9987640380859,3.87003612518311
"753",45.9987640380859,3.94990968704224
"754",45.9987640380859,3.95266580581665
"755",45.9987640380859,3.68866539001465
"756",45.9987640380859,3.97297334671021
"757",45.9987640380859,3.91972398757935
"758",45.9987640380859,3.9472484588623
"759",45.9987640380859,3.91967344284058
"760",45.9987640380859,3.7917013168335
"761",45.9987640380859,3.88359785079956
"762",45.9987640380859,4.19955062866211
"763",45.9987640380859,3.76932525634766
"764",45.9987640380859,3.84997177124023
"765",45.9987640380859,3.84715127944946
"766",45.9987640380859,3.44229459762573
"767",45.9987640380859,4.02835369110107
"768",45.9987640380859,3.61317920684814
"769",45.9987640380859,3.92462015151978
"770",45.9987640380859,3.79087114334106
"771",45.9987640380859,3.88430023193359
"772",45.9987640380859,3.79094886779785
"773",45.9987640380859,3.62513780593872
"774",45.9987640380859,3.84207439422607
"775",45.9987640380859,3.90084266662598
"776",45.9987640380859,4.12547540664673
"777",45.9987640380859,4.12122774124146
"778",45.9987640380859,3.96327495574951
"779",45.9987640380859,3.8372540473938
"780",45.9987640380859,4.00215196609497
"781",45.9987640380859,3.77565813064575
"782",45.9987640380859,3.70299863815308
"783",45.9987640380859,3.88181972503662
"784",45.9987640380859,3.89746618270874
"785",45.9987640380859,3.79850816726685
"786",45.9987640380859,3.76063394546509
"787",45.9987640380859,3.35835838317871
"788",45.9987640380859,4.15959930419922
"789",45.9987640380859,3.84995746612549
"790",45.9987640380859,3.96004247665405
"791",45.9987640380859,3.6877646446228
"792",45.9987640380859,3.97461414337158
"793",45.9987640380859,3.5932445526123
"794",45.9987640380859,3.95984077453613
"795",45.9987640380859,3.55727386474609
"796",45.9987640380859,3.58159875869751
"797",45.9987640380859,3.95485591888428
"798",45.9987640380859,4.20810079574585
"799",45.9987640380859,3.9158501625061
"800",45.9987640380859,3.8894214630127
"801",45.9987640380859,3.77481698989868
"802",45.9987640380859,3.84992647171021
"803",45.9987640380859,3.96512413024902
"804",45.9987640380859,3.95301485061646
"805",45.9987640380859,3.85456562042236
"806",45.9987640380859,4.07925748825073
"807",45.9987640380859,3.91022157669067
"808",45.9987640380859,3.46277570724487
"809",45.9987640380859,3.83195495605469
"810",45.9987640380859,3.73261022567749
"811",45.9987640380859,3.57580232620239
"812",45.9987640380859,3.93500900268555
"813",45.9987640380859,3.97906875610352
"814",45.9987640380859,3.74235153198242
"815",45.9987640380859,3.83515071868896
"816",45.9987640380859,3.94080543518066
"817",45.9987640380859,3.66974401473999
"818",45.9987640380859,3.59817934036255
"819",45.9987640380859,3.95553207397461
"820",45.9987640380859,3.89565372467041
"821",45.9987640380859,4.06699466705322
"822",45.9987640380859,3.80433225631714
"823",45.9987640380859,3.76917839050293
"824",45.9987640380859,4.00499439239502
"825",45.9987640380859,3.84941577911377
"826",45.9987640380859,3.58529949188232
"827",45.9987640380859,3.61129665374756
"828",45.9987640380859,3.77403354644775
"829",45.9987640380859,3.93787479400635
"830",45.9987640380859,3.9525990486145
"831",45.9987640380859,3.86134099960327
"832",45.9987640380859,3.77965021133423
"833",45.9987640380859,3.90988159179688
"834",45.9987640380859,3.71383333206177
"835",45.9987640380859,3.62744522094727
"836",45.9987640380859,3.79015207290649
"837",45.9987640380859,3.87559747695923
"838",45.9987640380859,3.80195760726929
"839",45.9987640380859,3.89057922363281
"840",45.9987640380859,3.72890472412109
"841",45.9987640380859,3.79694223403931
"842",45.9987640380859,3.8581223487854
"843",45.9987640380859,3.67349433898926
"844",45.9987640380859,3.96284103393555
"845",45.9987640380859,3.9567232131958
"846",45.9987640380859,4.08739233016968
"847",45.9987640380859,4.05357599258423
"848",45.9987640380859,3.69831132888794
"849",45.9987640380859,3.69157409667969
"850",45.9987640380859,3.9429349899292
"851",45.9987640380859,3.75808572769165
"852",45.9987640380859,3.96374940872192
"853",45.9987640380859,3.85631608963013
"854",45.9987640380859,3.96126890182495
"855",45.9987640380859,3.69244956970215
"856",45.9987640380859,3.80651664733887
"857",45.9987640380859,4.00226306915283
"858",45.9987640380859,3.87149572372437
"859",45.9987640380859,3.93585538864136
"860",45.9987640380859,3.7664532661438
"861",45.9987640380859,3.72535991668701
"862",45.9987640380859,3.86253833770752
"863",45.9987640380859,4.00528192520142
"864",45.9987640380859,4.0288610458374
"865",45.9987640380859,3.81024503707886
"866",45.9987640380859,3.93184614181519
"867",45.9987640380859,3.7107400894165
"868",45.9987640380859,3.78637313842773
"869",45.9987640380859,3.94870042800903
"870",45.9987640380859,3.82547998428345
"871",45.9987640380859,3.65311098098755
"872",45.9987640380859,3.91461133956909
"873",45.9987640380859,3.81659078598022
"874",45.9987640380859,3.8091893196106
"875",45.9987640380859,3.70944786071777
"876",45.9987640380859,4.00938034057617
"877",45.9987640380859,3.86139249801636
"878",45.9987640380859,3.70197629928589
"879",45.9987640380859,3.98165941238403
"880",45.9987640380859,3.97427082061768
"881",45.9987640380859,3.94094562530518
"882",45.9987640380859,3.89686632156372
"883",45.9987640380859,4.25442600250244
"884",45.9987640380859,4.05098438262939
"885",45.9987640380859,3.91638660430908
"886",45.9987640380859,3.84793519973755
"887",45.9987640380859,3.91147041320801
"888",45.9987640380859,3.80514526367188
"889",45.9987640380859,3.94732475280762
"890",45.9987640380859,3.96670913696289
"891",45.9987640380859,3.959397315979
"892",45.9987640380859,4.12165117263794
"893",45.9987640380859,3.83850574493408
"894",45.9987640380859,3.95331811904907
"895",45.9987640380859,3.79726219177246
"896",45.9987640380859,3.64571380615234
"897",45.9987640380859,3.82545709609985
"898",45.9987640380859,3.72276735305786
"899",45.9987640380859,3.7413330078125
"900",45.9987640380859,3.71340465545654
"901",45.9987640380859,3.47568941116333
"902",45.9987640380859,4.01591205596924
"903",45.9987640380859,3.83972692489624
"904",45.9987640380859,3.74753189086914
"905",45.9987640380859,4.03124809265137
"906",45.9987640380859,3.81823348999023
"907",45.9987640380859,3.88542366027832
"908",45.9987640380859,3.88974523544312
"909",45.9987640380859,4.12526607513428
"910",45.9987640380859,3.84520959854126
"911",45.9987640380859,3.86068248748779
"912",45.9987640380859,3.82514905929565
"913",45.9987640380859,3.667236328125
"914",45.9987640380859,3.84648132324219
"915",45.9987640380859,3.88001728057861
"916",45.9987640380859,3.87356090545654
"917",45.9987640380859,3.66494131088257
"918",45.9987640380859,3.66704845428467
"919",45.9987640380859,3.80918598175049
"920",45.9987640380859,3.79768514633179
"921",45.9987640380859,3.61720418930054
"922",45.9987640380859,3.892906665802
"923",45.9987640380859,3.91906976699829
"924",45.9987640380859,3.93425369262695
"925",45.9987640380859,4.1176118850708
"926",45.9987640380859,3.97889518737793
"927",45.9987640380859,3.70326137542725
"928",45.9987640380859,3.82936859130859
"929",45.9987640380859,3.83799409866333
"930",45.9987640380859,3.97735595703125
"931",45.9987640380859,3.81923675537109
"932",45.9987640380859,3.97461700439453
"933",45.9987640380859,3.90380525588989
"934",45.9987640380859,4.02170372009277
"935",45.9987640380859,3.94410514831543
"936",45.9987640380859,4.32889938354492
"937",45.9987640380859,4.00534439086914
"938",45.9987640380859,3.54774951934814
"939",45.9987640380859,3.85314321517944
"940",45.9987640380859,3.82202529907227
"941",45.9987640380859,3.90103197097778
"942",45.9987640380859,3.73174810409546
"943",45.9987640380859,4.05148553848267
"944",45.9987640380859,3.7529559135437
"945",45.9987640380859,3.80450630187988
"946",45.9987640380859,3.82179403305054
"947",45.9987640380859,3.90829753875732
"948",45.9987640380859,3.6914381980896
"949",45.9987640380859,4.11153030395508
"950",45.9987640380859,3.7548713684082
"951",45.9987640380859,3.97440052032471
"952",45.9987640380859,3.86715507507324
"953",45.9987640380859,4.12196731567383
"954",45.9987640380859,4.01065635681152
"955",45.9987640380859,4.00126314163208
"956",45.9987640380859,4.03142690658569
"957",45.9987640380859,3.55368232727051
"958",45.9987640380859,4.01964712142944
"959",45.9987640380859,3.84123420715332
"960",45.9987640380859,3.70220756530762
"961",45.9987640380859,3.84450531005859
"962",45.9987640380859,3.9721565246582
"963",45.9987640380859,3.84397983551025
"964",45.9987640380859,4.13065099716187
"965",45.9987640380859,3.64087867736816
"966",45.9987640380859,3.94988632202148
"967",45.9987640380859,3.70893812179565
"968",45.9987640380859,3.91017436981201
"969",45.9987640380859,3.79033470153809
"970",45.9987640380859,3.94520044326782
"971",45.9987640380859,3.45560932159424
"972",45.9987640380859,3.9944953918457
"973",45.9987640380859,3.80710601806641
"974",45.9987640380859,3.68457174301147
"975",45.9987640380859,3.93970346450806
"976",45.9987640380859,3.97451210021973
"977",45.9987640380859,3.79682064056396
"978",45.9987640380859,3.73043060302734
"979",45.9987640380859,3.90914440155029
"980",45.9987640380859,4.113440990448
"981",45.9987640380859,4.19408369064331
"982",45.9987640380859,3.6795392036438
"983",45.9987640380859,3.94695806503296
"984",45.9987640380859,3.74952697753906
"985",45.9987640380859,3.85699224472046
"986",45.9987640380859,3.5394287109375
"987",45.9987640380859,3.83332061767578
"988",45.9987640380859,3.45833778381348
"989",45.9987640380859,3.90513610839844
"990",45.9987640380859,3.83541822433472
"991",45.9987640380859,3.84284114837646
"992",45.9987640380859,3.43209791183472
"993",45.9987640380859,4.00479745864868
"994",45.9987640380859,3.72377157211304
"995",45.9987640380859,3.83701276779175
"996",45.9987640380859,3.86778593063354
"997",45.9987640380859,4.16770553588867
"998",45.9987640380859,3.88734722137451
"999",45.9987640380859,3.95441341400146
"1000",45.9987640380859,4.02234840393066
"1001",45.9987640380859,3.66063261032104
"1002",45.9987640380859,3.80973672866821
"1003",45.9987640380859,3.9727349281311
"1004",45.9987640380859,3.83345937728882
"1005",45.9987640380859,4.06771564483643
"1006",45.9987640380859,4.02225017547607
"1007",45.9987640380859,3.72935247421265
"1008",45.9987640380859,4.11142873764038
"1009",45.9987640380859,3.8998236656189
"1010",45.9987640380859,3.43303108215332
"1011",45.9987640380859,3.86983442306519
"1012",45.9987640380859,3.75004196166992
"1013",45.9987640380859,4.02160739898682
"1014",45.9987640380859,3.77589225769043
"1015",45.9987640380859,3.63853073120117
"1016",45.9987640380859,3.93937826156616
"1017",45.9987640380859,3.94962596893311
"1018",45.9987640380859,3.73077774047852
"1019",45.9987640380859,3.77240419387817
"1020",45.9987640380859,3.92723751068115
"1021",45.9987640380859,4.02165555953979
"1022",45.9987640380859,3.65906095504761
"1023",45.9987640380859,3.90951919555664
"1024",45.9987640380859,3.89581441879272
"1025",45.9987640380859,3.88970804214478
"1026",45.9987640380859,3.78967094421387
"1027",45.9987640380859,3.9966082572937
"1028",45.9987640380859,3.97842121124268
"1029",45.9987640380859,3.81421136856079
"1030",45.9987640380859,3.76845788955688
"1031",45.9987640380859,3.73552942276001
"1032",45.9987640380859,3.61210680007935
"1033",45.9987640380859,3.65355634689331
"1034",45.9987640380859,3.93318891525269
"1035",45.9987640380859,3.68777751922607
"1036",45.9987640380859,3.88743019104004
"1037",45.9987640380859,3.87789726257324
"1038",45.9987640380859,3.8256983757019
"1039",45.9987640380859,3.71649217605591
"1040",45.9987640380859,3.79797029495239
"1041",45.9987640380859,3.88272142410278
"1042",45.9987640380859,3.84000396728516
"1043",45.9987640380859,4.03005075454712
"1044",45.9987640380859,3.81537866592407
"1045",45.9987640380859,3.62211990356445
"1046",45.9987640380859,3.79608631134033
"1047",45.9987640380859,3.65066432952881
"1048",45.9987640380859,4.15530061721802
"1049",45.9987640380859,3.88875198364258
"1050",45.9987640380859,3.82348775863647
"1051",45.9987640380859,3.78453540802002
"1052",45.9987640380859,4.22175884246826
"1053",45.9987640380859,3.8109827041626
"1054",45.9987640380859,3.76800918579102
"1055",45.9987640380859,3.74022006988525
"1056",45.9987640380859,3.99170017242432
"1057",45.9987640380859,4.09746789932251
"1058",45.9987640380859,3.96609449386597
"1059",45.9987640380859,3.83373260498047
"1060",45.9987640380859,3.87465953826904
"1061",45.9987640380859,3.93776845932007
"1062",45.9987640380859,3.81109237670898
"1063",45.9987640380859,3.91695261001587
"1064",45.9987640380859,3.93252897262573
"1065",45.9987640380859,3.70378828048706
"1066",45.9987640380859,3.6724681854248
"1067",45.9987640380859,3.80576181411743
"1068",45.9987640380859,3.80096054077148
"1069",45.9987640380859,3.6578197479248
"1070",45.9987640380859,3.29750823974609
"1071",45.9987640380859,3.72823572158813
"1072",45.9987640380859,3.84796047210693
"1073",45.9987640380859,3.45971536636353
"1074",45.9987640380859,3.65309619903564
"1075",45.9987640380859,3.47641229629517
"1076",45.9987640380859,4.07487201690674
"1077",45.9987640380859,3.73443269729614
"1078",45.9987640380859,3.72611999511719
"1079",45.9987640380859,3.55823707580566
"1080",45.9987640380859,3.72585296630859
"1081",45.9987640380859,3.61816930770874
"1082",45.9987640380859,3.93509721755981
"1083",45.9987640380859,3.78691577911377
"1084",45.9987640380859,3.7812123298645
"1085",45.9987640380859,3.86491203308105
"1086",45.9987640380859,3.43722820281982
"1087",45.9987640380859,3.66034126281738
"1088",45.9987640380859,3.8425440788269
"1089",45.9987640380859,3.90007495880127
"1090",45.9987640380859,3.86641788482666
"1091",45.9987640380859,3.71580982208252
"1092",45.9987640380859,3.68166446685791
"1093",45.9987640380859,3.50682497024536
"1094",45.9987640380859,3.76927137374878
"1095",45.9987640380859,3.41398811340332
"1096",45.9987640380859,3.58213949203491
"1097",45.9987640380859,3.69468259811401
"1098",45.9987640380859,3.7541184425354
"1099",45.9987640380859,4.0674901008606
"1100",45.9987640380859,3.77967357635498
"1101",45.9987640380859,3.80329418182373
"1102",45.9987640380859,3.65324783325195
"1103",45.9987640380859,3.43436622619629
"1104",45.9987640380859,3.8579421043396
"1105",45.9987640380859,3.68240928649902
"1106",45.9987640380859,3.51830244064331
"1107",45.9987640380859,4.00844526290894
"1108",45.9987640380859,3.73266315460205
"1109",45.9987640380859,3.72647047042847
"1110",45.9987640380859,3.76013278961182
"1111",45.9987640380859,3.57916259765625
"1112",45.9987640380859,3.78468227386475
"1113",45.9987640380859,3.86185455322266
"1114",45.9987640380859,3.95439291000366
"1115",45.9987640380859,3.52933311462402
"1116",45.9987640380859,3.73940467834473
"1117",45.9987640380859,3.76110935211182
"1118",45.9987640380859,3.86946535110474
"1119",45.9987640380859,3.77376890182495
"1120",45.9987640380859,3.56218099594116
"1121",45.9987640380859,3.72455978393555
"1122",45.9987640380859,3.88847398757935
"1123",45.9987640380859,3.97759962081909
"1124",45.9987640380859,3.78134107589722
"1125",45.9987640380859,3.87168884277344
"1126",45.9987640380859,3.72459077835083
"1127",45.9987640380859,4.03378343582153
"1128",45.9987640380859,3.7346453666687
"1129",45.9987640380859,4.01273918151855
"1130",45.9987640380859,3.67339420318604
"1131",45.9987640380859,3.65008544921875
"1132",45.9987640380859,3.62662029266357
"1133",45.9987640380859,3.89698600769043
"1134",45.9987640380859,3.80179643630981
"1135",45.9987640380859,3.82090044021606
"1136",45.9987640380859,3.62887048721313
"1137",45.9987640380859,3.82620668411255
"1138",45.9987640380859,3.73637962341309
"1139",45.9987640380859,3.98962736129761
"1140",45.9987640380859,3.71557998657227
"1141",45.9987640380859,3.89326858520508
"1142",45.9987640380859,3.71519994735718
"1143",45.9987640380859,3.74720430374146
"1144",45.9987640380859,3.54426908493042
"1145",45.9987640380859,3.95936107635498
"1146",45.9987640380859,3.91970777511597
"1147",45.9987640380859,3.68412208557129
"1148",45.9987640380859,3.91153955459595
"1149",45.9987640380859,3.77544593811035
"1150",45.9987640380859,3.73192310333252
"1151",45.9987640380859,3.60606861114502
"1152",45.9987640380859,3.88213586807251
"1153",45.9987640380859,3.5957202911377
"1154",45.9987640380859,3.72872734069824
"1155",45.9987640380859,3.91389036178589
"1156",45.9987640380859,3.8424015045166
"1157",45.9987640380859,3.95469617843628
"1158",45.9987640380859,3.86785793304443
"1159",45.9987640380859,3.85757303237915
"1160",45.9987640380859,3.63834095001221
"1161",45.9987640380859,3.91380262374878
"1162",45.9987640380859,3.81622409820557
"1163",45.9987640380859,3.6834077835083
"1164",45.9987640380859,3.88315582275391
"1165",45.9987640380859,3.71561098098755
"1166",45.9987640380859,3.55172061920166
"1167",45.9987640380859,3.74439096450806
"1168",45.9987640380859,4.03581047058105
"1169",45.9987640380859,3.77247905731201
"1170",45.9987640380859,3.78498220443726
"1171",45.9987640380859,3.8985447883606
"1172",45.9987640380859,3.70188522338867
"1173",45.9987640380859,4.06097364425659
"1174",45.9987640380859,3.94076013565063
"1175",45.9987640380859,3.80407905578613
"1176",45.9987640380859,3.93710803985596
"1177",45.9987640380859,3.79544019699097
"1178",45.9987640380859,3.62930583953857
"1179",45.9987640380859,3.81243228912354
"1180",45.9987640380859,3.86479997634888
"1181",45.9987640380859,4.12668418884277
"1182",45.9987640380859,3.72867965698242
"1183",45.9987640380859,3.76036405563354
"1184",45.9987640380859,3.95873737335205
"1185",45.9987640380859,3.99928140640259
"1186",45.9987640380859,4.02891635894775
"1187",45.9987640380859,4.03504037857056
"1188",45.9987640380859,3.9017162322998
"1189",45.9987640380859,3.92589139938354
"1190",45.9987640380859,4.13049793243408
"1191",45.9987640380859,3.77942609786987
"1192",45.9987640380859,3.95438432693481
"1193",45.9987640380859,3.90376281738281
"1194",45.9987640380859,3.81787729263306
"1195",45.9987640380859,4.17188501358032
"1196",45.9987640380859,4.04436588287354
"1197",45.9987640380859,4.12380266189575
"1198",45.9987640380859,3.88992404937744
"1199",45.9987640380859,4.16724634170532
"1200",45.9987640380859,4.08375406265259
"1201",45.9987640380859,3.79819822311401
"1202",45.9987640380859,3.72796440124512
"1203",45.9987640380859,3.80694580078125
"1204",45.9987640380859,3.94165134429932
"1205",45.9987640380859,3.73125076293945
"1206",45.9987640380859,4.00781154632568
"1207",45.9987640380859,3.87439250946045
"1208",45.9987640380859,3.91314220428467
"1209",45.9987640380859,3.91667652130127
"1210",45.9987640380859,3.85486745834351
"1211",45.9987640380859,3.82641124725342
"1212",45.9987640380859,3.72268629074097
"1213",45.9987640380859,3.76014232635498
"1214",45.9987640380859,3.70057916641235
"1215",45.9987640380859,3.97965335845947
"1216",45.9987640380859,3.9314603805542
"1217",45.9987640380859,3.79373407363892
"1218",45.9987640380859,3.85313701629639
"1219",45.9987640380859,4.01731204986572
"1220",45.9987640380859,3.95112180709839
"1221",45.9987640380859,3.96679496765137
"1222",45.9987640380859,3.80166721343994
"1223",45.9987640380859,3.75905990600586
"1224",45.9987640380859,3.99059343338013
"1225",45.9987640380859,3.86052179336548
"1226",45.9987640380859,3.99637126922607
"1227",45.9987640380859,3.66403007507324
"1228",45.9987640380859,3.99690055847168
"1229",45.9987640380859,3.86386299133301
"1230",45.9987640380859,3.75170660018921
"1231",45.9987640380859,3.97854804992676
"1232",45.9987640380859,3.9384708404541
"1233",45.9987640380859,4.01241493225098
"1234",45.9987640380859,3.94613552093506
"1235",45.9987640380859,3.92404699325562
"1236",45.9987640380859,3.914306640625
"1237",45.9987640380859,3.80611515045166
"1238",45.9987640380859,3.81579256057739
"1239",45.9987640380859,3.8594913482666
"1240",45.9987640380859,3.88925218582153
"1241",45.9987640380859,3.75977897644043
"1242",45.9987640380859,3.9973201751709
"1243",45.9987640380859,4.08061265945435
"1244",45.9987640380859,3.7815957069397
"1245",45.9987640380859,3.77918815612793
"1246",45.9987640380859,4.01506519317627
"1247",45.9987640380859,3.68321704864502
"1248",45.9987640380859,3.69399213790894
"1249",45.9987640380859,4.18499088287354
"1250",45.9987640380859,3.84888648986816
"1251",45.9987640380859,3.60412931442261
"1252",45.9987640380859,4.00971698760986
"1253",45.9987640380859,3.93421697616577
"1254",45.9987640380859,3.84612464904785
"1255",45.9987640380859,3.96347999572754
"1256",45.9987640380859,4.07685232162476
"1257",45.9987640380859,3.52933883666992
"1258",45.9987640380859,3.74426460266113
"1259",45.9987640380859,4.09210300445557
"1260",45.9987640380859,4.05225563049316
"1261",45.9987640380859,4.00512742996216
"1262",45.9987640380859,3.94504451751709
"1263",45.9987640380859,4.05431890487671
"1264",45.9987640380859,3.67966794967651
"1265",45.9987640380859,3.90139436721802
"1266",45.9987640380859,3.80548191070557
"1267",45.9987640380859,4.04155158996582
"1268",45.9987640380859,3.88496160507202
"1269",45.9987640380859,3.84136247634888
"1270",45.9987640380859,3.79385900497437
"1271",45.9987640380859,3.59918689727783
"1272",45.9987640380859,3.76590204238892
"1273",45.9987640380859,3.79296684265137
"1274",45.9987640380859,3.90295028686523
"1275",45.9987640380859,3.77883768081665
"1276",45.9987640380859,3.93914937973022
"1277",45.9987640380859,3.7945556640625
"1278",45.9987640380859,3.60970735549927
"1279",45.9987640380859,3.77820539474487
"1280",45.9987640380859,3.95410442352295
"1281",45.9987640380859,3.95594692230225
"1282",45.9987640380859,3.91693687438965
"1283",45.9987640380859,3.68324708938599
"1284",45.9987640380859,3.60383415222168
"1285",45.9987640380859,3.8256778717041
"1286",45.9987640380859,3.83918046951294
"1287",45.9987640380859,3.96772003173828
"1288",45.9987640380859,3.86646747589111
"1289",45.9987640380859,3.90722036361694
"1290",45.9987640380859,3.99384641647339
"1291",45.9987640380859,3.96707534790039
"1292",45.9987640380859,3.93120956420898
"1293",45.9987640380859,4.01464176177979
"1294",45.9987640380859,3.80083703994751
"1295",45.9987640380859,3.88711166381836
"1296",45.9987640380859,3.79334735870361
"1297",45.9987640380859,3.93826055526733
"1298",45.9987640380859,3.86965799331665
"1299",45.9987640380859,3.90948534011841
"1300",45.9987640380859,3.75459766387939
"1301",45.9987640380859,3.76953172683716
"1302",45.9987640380859,3.79276895523071
"1303",45.9987640380859,3.93622303009033
"1304",45.9987640380859,3.98770332336426
"1305",45.9987640380859,3.92439603805542
"1306",45.9987640380859,3.92533445358276
"1307",45.9987640380859,3.73014402389526
"1308",45.9987640380859,3.87040185928345
"1309",45.9987640380859,4.03898191452026
"1310",45.9987640380859,3.61273241043091
"1311",45.9987640380859,3.92115640640259
"1312",45.9987640380859,3.34520149230957
"1313",45.9987640380859,3.61012697219849
"1314",45.9987640380859,3.65358018875122
"1315",45.9987640380859,3.58480548858643
"1316",45.9987640380859,3.77906131744385
"1317",45.9987640380859,3.70821237564087
"1318",45.9987640380859,3.6614236831665
"1319",45.9987640380859,3.82170629501343
"1320",45.9987640380859,3.75656890869141
"1321",45.9987640380859,3.96192264556885
"1322",45.9987640380859,3.67439985275269
"1323",45.9987640380859,3.81475496292114
"1324",45.9987640380859,3.74604415893555
"1325",45.9987640380859,3.66833162307739
"1326",45.9987640380859,3.8526463508606
"1327",45.9987640380859,3.85638952255249
"1328",45.9987640380859,3.63213586807251
"1329",45.9987640380859,3.7089467048645
"1330",45.9987640380859,3.67407941818237
"1331",45.9987640380859,4.02392578125
"1332",45.9987640380859,3.75641059875488
"1333",45.9987640380859,3.67835998535156
"1334",45.9987640380859,3.95842599868774
"1335",45.9987640380859,3.63759469985962
"1336",45.9987640380859,3.85585260391235
"1337",45.9987640380859,3.77545166015625
"1338",45.9987640380859,4.10253524780273
"1339",45.9987640380859,3.74374055862427
"1340",45.9987640380859,3.43142509460449
"1341",45.9987640380859,3.72945737838745
"1342",45.9987640380859,3.6986026763916
"1343",45.9987640380859,3.89035749435425
"1344",45.9987640380859,3.56437301635742
"1345",45.9987640380859,3.69450378417969
"1346",45.9987640380859,3.61549663543701
"1347",45.9987640380859,3.7661452293396
"1348",45.9987640380859,3.85312986373901
"1349",45.9987640380859,3.59820032119751
"1350",45.9987640380859,3.74473667144775
"1351",45.9987640380859,3.69159412384033
"1352",45.9987640380859,3.66092157363892
"1353",45.9987640380859,3.59077835083008
"1354",45.9987640380859,3.51652240753174
"1355",45.9987640380859,3.57980060577393
"1356",45.9987640380859,3.61148881912231
"1357",45.9987640380859,3.77418804168701
"1358",45.9987640380859,3.83217859268188
"1359",45.9987640380859,3.58559322357178
"1360",45.9987640380859,3.93611621856689
"1361",45.9987640380859,3.75053882598877
"1362",45.9987640380859,3.81328010559082
"1363",45.9987640380859,3.55751848220825
"1364",45.9987640380859,4.00815391540527
"1365",45.9987640380859,3.6045036315918
"1366",45.9987640380859,3.84589385986328
"1367",45.9987640380859,3.91905069351196
"1368",45.9987640380859,3.51932334899902
"1369",45.9987640380859,3.95462608337402
"1370",45.9987640380859,4.01844596862793
"1371",45.9987640380859,3.85297441482544
"1372",45.9987640380859,3.61965847015381
"1373",45.9987640380859,3.79263257980347
"1374",45.9987640380859,3.85218954086304
"1375",45.9987640380859,3.71545934677124
"1376",45.9987640380859,3.89048051834106
"1377",45.9987640380859,3.94853448867798
"1378",45.9987640380859,3.79303646087646
"1379",45.9987640380859,3.71720314025879
"1380",45.9987640380859,3.71179628372192
"1381",45.9987640380859,3.66556882858276
"1382",45.9987640380859,3.7637095451355
